delta_generated_power1,delta_lambda1,delta_voltage1,dif_generated_power1,dif_lambda1,dif_myu_12,dif_myu_14,dif_myu_lower_p1,dif_myu_upper_p1,dif_voltage1,generated_power1,iteration1,lambda1,modified_dif_voltage1,myu12,myu14,myu_lower_p1,myu_upper_p1,original_generated_power1,original_lambda1,P_12,P_14,line12,line14,voltage1,time step,current time
0,0,0,0,0,0,0,0,0,0,0,0,0,0,0,0,0,0,0,0,0,0,0,0,350,0,1526297660.3450763
-600,0.0,0.0,0,0,-1000,-2000,-600,600,0,-600,1,0.0,0,0.0,0.0,0.0,0.0,-600,0.0,0,0,0,0,350.0,0.0006253719329833984,1526297670.354186
0,0.0,-0.04285714285714448,0.0,600.0,-1000.0,-2000.0,0,0,0.0,-600,2,0.0,0.0,0.0,0.0,0.0,0.0,-600,0.0,0.0,0.0,0,0,349.95714285714286,0.0066297054290771484,1526297670.372128
0,0.0,-0.02142857142854382,0.0,299.99999999998863,-849.9999999999943,-1849.9999999999943,0,0,0.0,-600,3,0.0,0.0,0.0,0.0,0.0,0.0,-600,0.0,-150.00000000000568,-150.00000000000568,0,0,349.9357142857143,0.00022482872009277344,1526297670.3874116
0,0.07500000000000284,-0.016071428571422075,0.0,225.00000000028422,-812.5000000001421,-1812.500000000142,0,0,-1050.0000000000398,-600,4,0.07500000000000284,-1050.0000000000398,0.0,0.0,0.0,0.0,-600,0.07500000000000284,-187.4999999998579,-187.4999999998579,0,0,349.9196428571429,0.00041985511779785156,1526297670.3987541
0,0.07499999999990337,-0.013392857142889625,-0.07500000000000284,187.500000000432,-793.750000000216,-1793.750000000216,0,0,-1049.9999999986471,-600,5,0.1499999999999062,-1049.9999999986471,0.0,0.0,0,0.03750000000000142,-600,0.1499999999999062,-206.249999999784,-206.249999999784,0,0,349.90625,0.0033545494079589844,1526297670.4132435
0,0.06562499999990301,-0.012053571428566556,-0.11249999999990479,168.74999999990905,-784.3749999999545,-1784.3749999999545,0,0,-918.7499999986424,-600,6,0.21562499999980922,-918.7499999986424,0.0,0.0,0,0.09374999999995381,-600,0.21562499999980922,-215.62500000004547,-215.62500000004547,0,0,349.89419642857143,0.0003249645233154297,1526297670.427764
0,0.0514687500000921,-0.011042410714253492,-0.1218749999998554,154.59374999992406,-777.296874999962,-1777.296874999962,0,0,-720.5625000012894,-600,7,0.2670937499999013,-720.5625000012894,0.0,0.0,0,0.15468749999988152,-600,0.2670937499999013,-222.70312500003797,-222.70312500003797,0,0,349.8831540178572,0.0002148151397705078,1526297670.441264
0,0.03848437500008228,-0.010195312500002274,-0.1124062500000198,142.734375000407,-771.3671875002035,-1771.3671875002035,0,0,-538.7812500011519,-600,8,0.3055781249999836,-538.7812500011519,0.0,0.0,0,0.21089062499989142,-600,0.3055781249999836,-228.6328124997965,-228.6328124997965,0,0,349.8729587053572,0.0031557083129882812,1526297670.456613
0,0.02725781249987591,-0.009429408482162671,-0.09468750000009218,132.01171875025466,-766.0058593751273,-1766.0058593751273,0,0,-381.6093749982624,-600,9,0.3328359374998595,-381.6093749982624,0.0,0.0,0,0.2582343749999375,-600,0.3328359374998595,-233.99414062487267,-233.99414062487267,0,0,349.863529296875,0.0003933906555175781,1526297670.4731472
0,0.017947382812497525,-0.008725036272323905,-0.074601562499922,122.15050781251193,-761.075253906256,-1761.075253906256,0,0,-251.26335937496515,-600,10,0.35078332031235704,-251.26335937496515,0.0,0.0,0,0.2955351562498985,-600,0.35078332031235704,-238.92474609374403,-238.92474609374403,0,0,349.8548042606027,0.00026345252990722656,1526297670.485531
0,0.010334824218807992,-0.008072469308046948,-0.05524816406245853,113.01457031263453,-756.5072851563173,-1756.5072851563173,0,0,-144.68753906331176,-600,11,0.36111814453116503,-144.68753906331176,0.0,0.0,0,0.3231592382811278,-600,0.36111814453116503,-243.49271484368273,-243.49271484368273,0,0,349.84673179129464,0.0033113956451416016,1526297670.5006518
0,0.004183579101543322,-0.007467055664051259,-0.03795890625003723,104.53877929709279,-752.2693896485464,-1752.2693896485464,0,0,-58.57010742160628,-600,12,0.36530172363270835,-58.57010742160628,0.0,0.0,0,0.3421386914061464,-600,0.36530172363270835,-247.7306103514536,-247.7306103514536,0,0,349.8392647356306,0.00021767616271972656,1526297670.5151944
0,-0.0007352418457214349,-0.006905279704938039,-0.023163032226561964,96.67391586950771,-748.3369579347539,-1748.3369579347539,0,0,10.293385840099745,-600,13,0.3645664817869869,10.293385840099745,0.0,0.0,0,0.35372020751942734,-600,0.3645664817869869,-251.66304206524615,-251.66304206524615,0,0,349.83235945592565,0.00021386146545410156,1526297670.528828
0,-0.004621326269588888,-0.006384167651390271,-0.010846274267559575,89.37834711944106,-744.6891735597205,-1744.6891735597205,0,0,64.69856777424457,-600,14,0.35994515551739803,64.69856777424457,0.0,0.0,0,0.35914334465320713,-600,0.35994515551739803,-255.31082644027947,-255.31082644027947,0,0,349.82597528827426,0.00021576881408691406,1526297670.543681
0,-0.0076462386841233965,-0.005900981792763105,-0.0008018108641908994,82.61374509905863,-741.3068725495293,-1741.3068725495293,0,0,107.04734157772782,-600,15,0.35229891683327463,107.04734157772782,0.0,0.0,0,0.35954425008530255,-600,0.35229891683327463,-258.6931274504707,-258.6931274504707,0,0,349.8200743064815,0.00021338462829589844,1526297670.557271
0,-0.009955786157095137,-0.005453159345165659,0.007245333252027919,76.34423083229649,-738.1721154161482,-1738.1721154161482,0,0,139.3810061993322,-600,16,0.3423431306761795,139.3810061993322,0.0,0.0,0.0036226666260139595,0.3559215834592886,-600,0.3423431306761795,-261.82788458385176,-261.82788458385176,0,0,349.81462114713634,0.00021505355834960938,1526297670.5714126
0,-0.011673473276354762,-0.005038286195997443,0.009955786157095137,70.53600674394147,-735.2680033719707,-1735.2680033719707,0,0,163.42862586896672,-600,17,0.33066965739982473,163.42862586896672,0.0,0.0,0.008600559704561528,0.350943690380741,-600,0.33066965739982473,-264.73199662802926,-264.73199662802926,0,0,349.80958286094034,0.00021409988403320312,1526297670.5857897
0,-0.012903654955104371,-0.004654088553650126,0.011673473276354762,65.15723975147694,-732.5786198757385,-1732.5786198757385,0,0,180.65116937146104,-600,18,0.31776600244472036,180.65116937146104,0.0,0.0,0.014437296342738909,0.3451069537425636,-600,0.31776600244472036,-267.42138012426153,-267.42138012426153,0,0,349.8049287723867,0.0011408329010009766,1526297670.6033835
0,0.0003844358834647066,-0.004201214345926019,0.012903654955104316,58.81700084333943,-729.4085004216697,-1729.4085004216697,0,0,-5.382102368505912,-600,19,0.31815043832818507,-5.382102368505912,0.0,0.0,0.020889123820291067,0.3386551262650115,-600,0.31815043832818507,-270.5914995783303,-270.5914995783303,0,0,349.80072755804076,0.00023651123046875,1526297670.6164117
0,0.05119709817614032,-0.004153189640646815,-0.0003844358834646511,58.14465496903267,-729.0723274845163,-1729.0723274845163,0,0,-716.7593744659644,-600,20,0.3693475365043254,-716.7593744659644,0.0,0.0,0.02069690587855874,0.3388473442067438,-600,0.3693475365043254,-270.92767251548366,-270.92767251548366,0,0,349.7965743684001,0.00022649765014648438,1526297670.6319046
0,0.09169015702615774,-0.004096580364659985,-0.051197098176140377,57.352125105217056,-728.6760625526085,-1728.6760625526085,0,0,-1283.6621983662085,-600,21,0.46103769353048313,-1283.6621983662085,0.0,0.0,0,0.36444589329481397,-600,0.46103769353048313,-271.3239374473915,-271.3239374473915,0,0,349.79247778803546,0.00022339820861816406,1526297670.6449473
0,0.13050298293190238,-0.004090577276485874,-0.09659180023566916,57.2680818711774,-728.6340409355887,-1728.6340409355887,0,0,-1827.041761046633,-600,22,0.5915406764623855,-1827.041761046633,0.0,0.0,0,0.41274179341264855,-600,0.5915406764623855,-271.3659590644113,-271.3659590644113,0,0,349.78838721075897,0.00027298927307128906,1526297670.6603847
0,0.163171852470269,-0.0040835011170088364,-0.17879888304973696,57.16901563810097,-728.5845078190505,-1728.5845078190505,0,0,-2284.405934583766,-600,23,0.7547125289326545,-2284.405934583766,0.0,0.0,0,0.5021412349375171,-600,0.7547125289326545,-271.4154921809495,-271.4154921809495,0,0,349.78430370964196,0.00022029876708984375,1526297670.674907
0,0.1915730375016268,-0.004082750730958651,-0.25257129399513745,57.15851023379628,-728.5792551168981,-1728.5792551168981,0,0,-2682.022525022776,-600,24,0.9462855664342813,-2682.022525022776,0.0,0.0,0,0.6284268819350858,-600,0.9462855664342813,-271.42074488310186,-271.42074488310186,0,0,349.780220958911,0.00021505355834960938,1526297670.6883333
0,0.21575532333842462,-0.004081866211038232,-0.3178586844991955,57.146126954910414,-728.5730634774552,-1728.5730634774552,0,0,-3020.5745267379443,-600,25,1.162040889772706,-3020.5745267379443,0.0,0.0,0,0.7873562241846835,-600,1.162040889772706,-271.4269365225448,-271.4269365225448,0,0,349.77613909269996,0.0002884864807128906,1526297670.701361
0,0.23646045088796486,-0.004081772412803275,-0.3746846655880224,57.144813779223114,-728.5724068896116,-1728.5724068896116,0,0,-3310.446312431507,-600,26,1.3985013406606708,-3310.446312431507,0.0,0.0,0,0.9746985569786948,-600,1.3985013406606708,-271.42759311038844,-271.42759311038844,0,0,349.77205732028716,0.0002732276916503906,1526297670.717937
0,0.25412588139547676,-0.004081661847806117,-0.423802783681976,57.143265869262905,-728.5716329346315,-1728.5716329346315,0,0,-3557.7623395366736,-600,27,1.6526272220561475,-3557.7623395366736,0.0,0.0,0,1.1865999488196828,-600,1.6526272220561475,-271.42836706536855,-271.42836706536855,0,0,349.76797565843935,0.00027561187744140625,1526297670.733009
0,0.2692122946889006,-0.004081650122998326,-0.46602727323646476,57.14310172235173,-728.5715508611759,-1728.5715508611759,0,0,-3768.9721256446082,-600,28,1.9218395167450482,-3768.9721256446082,0.0,0.0,0,1.419613585437915,-600,1.9218395167450482,-271.42844913882413,-271.42844913882413,0,0,349.76389400831636,0.00026917457580566406,1526297670.7475567
0,0.2820884152551304,-0.004081636302430525,-0.5022259313071331,57.14290823400461,-728.5714541170023,-1728.5714541170023,0,0,-3949.2378135718245,-600,29,2.2039279320001786,-3949.2378135718245,0.0,0.0,0,1.6707265510914815,-600,2.2039279320001786,-271.4285458829977,-271.4285458829977,0,0,349.7598123720139,0.0003075599670410156,1526297670.7592845
0,0.2930798746259393,-0.004081634836779813,-0.5332013809086971,57.142887715292545,-728.5714438576463,-1728.5714438576463,0,0,-4103.118244763147,-600,30,2.497007806626118,-4103.118244763147,0.0,0.0,0,1.93732724154583,-600,2.497007806626118,-271.4285561423537,-271.4285561423537,0,0,349.75573073717715,0.00316619873046875,1526297670.7735968
0,0.2722290321730365,-0.00408163310925147,-0.5596805650802879,57.142863529497845,-728.5714317647489,-1728.571431764749,0,0,-3811.206450422509,-600,31,2.7692368387991544,-3811.206450422509,0.0,0.0,0,2.217167524085974,-600,2.7692368387991544,-271.4285682352511,-271.4285682352511,0,0,349.7516491040679,0.00024127960205078125,1526297670.7873669
0,0.17109675085743925,-0.0034940672662742145,-0.5520693147131803,48.916941727816265,-728.5714304821056,-1720.3455112457107,0,0,-2395.354512004149,-600,32,2.9403335896565936,-2395.354512004149,0.0,0.0,0,2.4932021814425642,-600,2.9403335896565936,-271.4285695178944,-279.65448875428933,0,0,349.7481550368016,0.00022125244140625,1526297670.800985
0,0.12005380645467989,-0.003188297944916485,-0.4471314082140294,44.63617122880805,-730.6279087796668,-1714.0082624491413,0,0,-1680.7532903655156,-600,33,3.0603873961112735,-1680.7532903655156,0.0,0.0,0,2.716767885549579,-600,3.0603873961112735,-269.37209122033323,-285.9917375508587,0,0,349.7449667388567,0.00029921531677246094,1526297670.814152
0,0.08540256650297451,-0.002624144036076359,-0.3436195105616946,36.73801650504629,-731.1839805361444,-1705.5540359689019,0,0,-1195.635931041641,-600,34,3.145789962614248,-1195.635931041641,0.0,0.0,0,2.8885776408304262,-600,3.145789962614248,-268.8160194638556,-294.44596403109813,0,0,349.7423425948206,0.0002200603485107422,1526297670.8283145
0,0.061297677871528844,-0.0021848810578148914,-0.2572123217838218,30.588334809385742,-732.1197910522699,-1698.4685437571159,0,0,-858.167490201402,-600,35,3.207087640485777,-858.167490201402,0.0,0.0,0,3.017183801722337,-600,3.207087640485777,-267.8802089477301,-301.53145624288413,0,0,349.7401577137628,0.0003185272216796875,1526297670.8410146
0,0.043196869444333874,-0.0017054343782092474,-0.18990383876343975,23.876081295105678,-732.5051947845225,-1691.3708865105832,0,0,-604.7561722206738,-600,36,3.2502845099301108,-604.7561722206738,0.0,0.0,0,3.112135721104057,-600,3.2502845099301108,-267.4948052154775,-308.6291134894168,0,0,349.7384522793846,0.0002205371856689453,1526297670.8554204
0,0.030123835030328117,-0.0013047518858115836,-0.13814878882605397,18.266526401538385,-732.9889420823008,-1685.2775843192376,0,0,-421.7336904245931,-600,37,3.280408344960439,-421.7336904245931,0.0,0.0,0,3.181210115517084,-600,3.280408344960439,-267.0110579176992,-314.7224156807624,0,0,349.7371475274988,0.000225067138671875,1526297670.869862
0,0.02042764989364798,-0.0009252971041746605,-0.09919822944335488,12.95415945842251,-733.2783059874544,-1679.6758534709681,0,0,-285.98709851107196,-600,38,3.300835994854087,-285.98709851107196,0.0,0.0,0,3.230809230238761,-600,3.300835994854087,-266.72169401254564,-320.32414652903185,0,0,349.7362222303946,0.0003161430358886719,1526297670.8845944
0,0.013462020505896177,-0.0006012409846789524,-0.07002676461532564,8.417373785482596,-733.5783513089211,-1674.8390224765615,0,0,-188.46828708254907,-600,39,3.314298015359983,-188.46828708254907,0.0,0.0,0,3.2658226125464243,-600,3.314298015359983,-266.4216486910789,-325.16097752343853,0,0,349.73562098940994,0.0003387928009033203,1526297670.9027789
0,0.008413403711969192,-0.00031113411733940666,-0.04847540281355878,4.355877642530004,-733.7941606097047,-1670.5617170328253,0,0,-117.78765196756649,-600,40,3.322711419071952,-117.78765196756649,0.0,0.0,0,3.2900603139532034,-600,3.322711419071952,-266.2058393902953,-329.4382829671747,0,0,349.7353098552926,0.00042939186096191406,1526297670.914928
0,0.0048557115726786115,-6.334276940833661e-05,-0.0326511051187488,0.8867987718929271,-733.9917806517917,-1666.8950181201012,0,0,-67.97996201749993,-600,41,3.327567130644631,-67.97996201749993,0.0,0.0,0,3.306385866512578,-600,3.327567130644631,-266.0082193482083,-333.1049818798988,0,0,349.7352465125232,0.0002281665802001953,1526297670.9257777
0,0.0023639055036288603,0.00015128656622209746,-0.021181264132053013,-2.118011927331054,-734.1423775384328,-1663.7396105342361,0,0,-33.09467705080533,-600,42,3.3299310361482597,-33.09467705080533,0.0,0.0,0,3.3169764985786045,-600,3.3299310361482597,-265.8576224615672,-336.26038946576386,0,0,349.7353977990894,0.0034346580505371094,1526297670.939785
0,0.0006783038416897647,0.0003322096885653991,-0.012954537569655145,-4.650935639540421,-734.269021357818,-1661.0800430026416,0,0,-9.496253783658176,-600,43,3.3306093399899495,-9.496253783658176,0.0,0.0,0,3.323453767363432,-600,3.3306093399899495,-265.730978642182,-338.91995699735844,0,0,349.735730008778,0.002464771270751953,1526297670.9530725
0,-0.0004293015777228071,0.00048436047660516124,-0.007155572626517337,-6.781046672097091,-734.3645229679225,-1658.8544303599804,0,0,6.010222088116279,-600,44,3.3301800384122267,6.010222088116279,0.0,0.0,0,3.327031553676691,-600,3.3301800384122267,-265.63547703207746,-341.14556964001963,0,0,349.7362143692546,0.003808259963989258,1526297670.9683068
0,-0.0011108185039403473,0.0006094560429232843,-0.0031484847355356393,-8.532384600749765,-734.438217380216,-1657.0293980190343,0,0,15.551459055164742,-600,45,3.3290692199082863,15.551459055164742,0.0,0.0,0,3.328605796044459,-600,3.3290692199082863,-265.561782619784,-342.97060198096574,0,0,349.7368238252975,0.00032067298889160156,1526297670.9794238
0,-0.0014904428853941276,0.0007108491734584277,-0.00046342386382747236,-9.951888428241773,-734.4896278472959,-1655.5584837244623,0,0,20.866200395517808,-600,46,3.327578777022892,20.866200395517808,0.0,0.0,0,3.3288375079763726,-600,3.327578777022892,-265.5103721527041,-344.44151627553765,0,0,349.73753467447096,0.002918243408203125,1526297670.99402
0,-0.001654669114153684,0.000790745455844899,0.0012587309534803914,-11.070436381453419,-734.5234095730007,-1654.406154045546,0,0,23.165367598150624,-600,47,3.3259241079087385,23.165367598150624,0.0,0.0,0.0006293654767401957,3.3282081424996326,-600,3.3259241079087385,-265.47659042699934,-345.5938459544541,0,0,349.7383254199268,0.0002815723419189453,1526297671.0078762
0,-0.0016711115204195437,0.0008517539610011227,0.001654669114153684,-11.924555454237407,-734.5409278397312,-1653.5345167060314,0,0,23.395561285873555,-600,48,3.324252996388319,23.395561285873555,0.0,0.0,0.0014567000338170377,3.3273808079425558,-600,3.324252996388319,-265.45907216026876,-346.46548329396865,0,0,349.7391771738878,0.00028252601623535156,1526297671.0210867
0,-0.0015877933675221279,0.0008959980375493615,0.0016711115204195437,-12.54397252591275,-734.5450435686018,-1652.9109839054854,0,0,22.229107145307353,-600,49,3.322665203020797,22.229107145307353,0.0,0.0,0.0022922557940268096,3.326545252182346,-600,3.322665203020797,-265.45495643139816,-347.0890160945146,0,0,349.74007317192536,0.0003268718719482422,1526297671.0349262
0,-0.0014410447147450434,0.0009256136303292806,0.0015877933675221279,-12.958590824433713,-734.5374288080393,-1652.503980367527,0,0,20.174626006431936,-600,50,3.3212241583060518,20.174626006431936,0.0,0.0,0.0030861524777878735,3.3257513554985847,-600,3.3212241583060518,-265.4625711919607,-347.496019632473,0,0,349.7409987855557,0.00036787986755371094,1526297671.0481102
0,-0.0012566957112105648,0.0009424686575130181,0.0014410447147450434,-13.194561204807087,-734.520106369331,-1652.285332425862,0,0,17.59373995694841,-600,51,3.319967462594841,17.59373995694841,0.0,0.0,0.003806674835160395,3.325030833141212,-600,3.319967462594841,-265.47989363066904,-347.71466757413805,0,0,349.7419412542132,0.0002827644348144531,1526297671.0637195
0,-0.001053675848648794,0.0009483270679311318,0.0012566957112105648,-13.276578951058582,-734.494600504263,-1652.2288205446785,0,0,14.751461881081923,-600,52,3.3189137867461924,14.751461881081923,0.0,0.0,0.004435022690765678,3.3244024852856064,-600,3.3189137867461924,-265.50539949573704,-347.77117945532154,0,0,349.74288958128113,0.00029015541076660156,1526297671.0774224
0,-0.0008452063068933313,0.0009447644516740183,0.00105367584864835,-13.22670232306109,-734.4624381715619,-1652.310859505377,0,0,11.832888296507008,-600,53,3.318068580439299,11.832888296507008,0.0,0.0,0.0049618606150898525,3.323875647361282,-600,3.318068580439299,-265.53756182843813,-347.68914049462296,0,0,349.7438343457328,0.00022268295288085938,1526297671.0904963
0,-0.0006405627801009395,0.0009332262694670135,0.0008452063068928872,-13.065167772560926,-734.4248859871811,-1652.509946240258,0,0,8.967878921415831,-600,54,3.317428017659198,8.967878921415831,0.0,0.0,0.005384463768536296,3.3234530442078354,-600,3.317428017659198,-265.57511401281886,-347.49005375974207,0,0,349.7447675720023,0.0002205371856689453,1526297671.1052766
0,-0.0004459180544187369,0.0009150068578946957,0.0006405627801009395,-12.81009601074743,-734.3831187081662,-1652.8067852810864,0,0,6.242852761861286,-600,55,3.3169820996047794,6.242852761861286,0.0,0.0,0.005704745158586766,3.323132762817785,-600,3.3169820996047794,-265.6168812918338,-347.1932147189136,0,0,349.74568257886017,0.0002396106719970703,1526297671.1230333
0,-0.00026525311935321483,0.0008912741260473922,0.0004459180544187369,-12.477837764288324,-734.3381429025442,-1653.1840193331675,0,0,3.7135436709431815,-600,56,3.316716846485426,3.7135436709431815,0.0,0.0,0.005927704185796134,3.3229098037905755,-600,3.316716846485426,-265.6618570974558,-346.8159806668325,0,0,349.7465738529862,0.00028967857360839844,1526297671.1363223
0,-0.00010088780625761018,0.0008630688920447938,0.00026525311935321483,-12.08296448864985,-734.2908582133987,-1653.6261772979515,0,0,1.4124292876040272,-600,57,3.3166159586791686,1.4124292876040272,0.0,0.0,0.006060330745472742,3.3227771772308987,-600,3.3166159586791686,-265.7091417866013,-346.3738227020485,0,0,349.74743692187826,0.000293731689453125,1526297671.1501346
0,4.603187084839533e-05,0.0008313187252610987,0.00010088780625761018,-11.63846215367812,-734.2420399223215,-1654.1194979240004,0,0,-0.6444461918763409,-600,58,3.316661990550017,-0.6444461918763409,0.0,0.0,0.006110774648601547,3.32272673332777,-600,3.316661990550017,-265.7579600776785,-345.88050207599963,0,0,349.7482682406035,0.00021910667419433594,1526297671.1641037
0,0.00017521739150350157,0.0007968435097609472,-4.603187084839533e-05,-11.155809136675998,-734.1923651046329,-1654.651825758691,0,0,-2.4530434810512816,-600,59,3.3168372079415205,-2.4530434810512816,0.0,0.0,0.006087758713177349,3.322749749263194,-600,3.3168372079415205,-265.8076348953671,-345.3481742413089,0,0,349.7490650841133,0.0002579689025878906,1526297671.1785643
0,0.00028697258514087665,0.0007603654351555633,-0.00017521739150350157,-10.64511609180272,-734.1424132019654,-1655.212470706232,0,0,-4.017616191969864,-600,60,3.3171241805266614,-4.017616191969864,0.0,0.0,0.006000150017425598,3.322837357958946,-600,3.3171241805266614,-265.8575867980346,-344.7875292937681,0,0,349.74982544954844,0.00028324127197265625,1526297671.1933923
0,0.00038201142067739724,0.0007225160957773369,-0.00028697258514087665,-10.11522534050755,-734.0926801347223,-1655.7920945247702,0,0,-5.348159889483213,-600,61,3.3175061919473388,-5.348159889483213,0.0,0.0,0.00585666372485516,3.322980844251516,-600,3.3175061919473388,-265.9073198652777,-344.20790547522984,0,0,349.7505479656442,0.0002465248107910156,1526297671.2073088
0,0.00046131351619038696,0.0006838447408767934,-0.00038201142067784133,-9.573826372496796,-734.0435838349322,-1656.382589792571,0,0,-6.458389226663712,-600,62,3.317967505463529,-6.458389226663712,0.0,0.0,0.005665658014516239,3.323171849961855,-600,3.317967505463529,-265.9564161650678,-343.617410207429,0,0,349.7512318103851,0.0003504753112792969,1526297671.2209682
0,0.0005260223073872972,0.0006448253217854472,-0.00046131351619038696,-9.027554505018998,-733.9954737255141,-1656.976971769467,0,0,-7.364312303419865,-600,63,3.3184935277709164,-7.364312303419865,0.0,0.0,0.005435001256421046,3.32340250671995,-600,3.3184935277709164,-266.0045262744859,-343.0230282305331,0,0,349.7518766357069,0.00022721290588378906,1526297671.2338414
0,0.0005773674592224332,0.0006058636212173951,-0.0005260223073872972,-8.482090697265221,-733.9486370853479,-1657.569272217387,0,0,-8.083144429114327,-600,64,3.319070895230139,-8.083144429114327,0.0,0.0,0.005171990102727397,3.3236655178736436,-600,3.319070895230139,-266.05136291465215,-342.4307277826131,0,0,349.7524824993281,0.0002772808074951172,1526297671.2496245
0,0.0006166100991897849,0.000567303711875411,-0.0005773674592228772,-7.942251966477443,-733.9033063157956,-1658.154441717727,0,0,-8.632541388658865,-600,65,3.3196875053293287,-8.632541388658865,0.0,0.0,0.004883306373115959,3.323954201603255,-600,3.3196875053293287,-266.0966936842044,-341.84555828227303,0,0,349.75304980303997,0.00022482872009277344,1526297671.2642295
0,0.0006450027093447552,0.0005294341555099891,-0.0006166100991897849,-7.41207817676468,-733.8596648724547,-1658.7282569507806,0,0,-9.03003793082462,-600,66,3.3203325080386734,-9.03003793082462,0.0,0.0,0.004575001323521066,3.32426250665285,-600,3.3203325080386734,-266.1403351275453,-341.27174304921937,0,0,349.7535792371955,0.00022935867309570312,1526297671.2774673
0,0.0006637614918276746,0.0004924937077248615,-0.0006450027093447552,-6.894911907971846,-733.817853157916,-1659.2872349341121,0,0,-9.292660885588703,-600,67,3.320996269530501,-9.292660885588703,0.0,0.0,0.004252499968848689,3.3245850080075225,-600,3.320996269530501,-266.18214684208397,-340.7127650658879,0,0,349.7540717309032,0.00025916099548339844,1526297671.290276
0,0.0006740472875383929,0.00045667666779536376,-0.0006637614918272305,-6.393473348958878,-733.7779736797927,-1659.8285529712484,0,0,-9.43666202553868,-600,68,3.3216703168180395,-9.43666202553868,0.0,0.0,0.003920619222935073,3.324916888753436,-600,3.3216703168180395,-266.2220263202073,-340.1714470287516,0,0,349.754528407571,0.0002269744873046875,1526297671.304753
0,0.0006769533509038972,0.00042213780676547685,-0.0006740472875383929,-5.909929294341509,-733.7400959049489,-1660.3499748007096,0,0,-9.477346912652138,-600,69,3.3223472701689434,-9.477346912652138,0.0,0.0,0.003583595579165877,3.3252539123972054,-600,3.3223472701689434,-266.25990409505107,-339.65002519929044,0,0,349.75495054537777,0.00022554397583007812,1526297671.3201785
0,0.0006734979712574862,0.00038899692981431144,-0.0006769533509038972,-5.445957017224146,-733.7042606032185,-1660.8497823795574,0,0,-9.428971597604686,-600,70,3.323020768140201,-9.428971597604686,0.0,0.0,0.0032451189037139283,3.325592389072657,-600,3.323020768140201,-266.2957393967815,-339.1502176204426,0,0,349.7553395423076,0.00022912025451660156,1526297671.3338764
0,0.0006646208227927275,0.0003573430630012808,-0.0006734979712579303,-5.002802881642765,-733.6704838369883,-1661.326713281369,0,0,-9.304691519097105,-600,71,3.3236853889629936,-9.304691519097105,0.0,0.0,0.002908369918084963,3.325929138058286,-600,3.3236853889629936,-266.3295161630117,-338.67328671863106,0,0,349.7556968853706,0.00022459030151367188,1526297671.3471167
0,0.0006511819636765281,0.000327238293721166,-0.0006646208227927275,-4.581336112318013,-733.6387605475068,-1661.7799033401752,0,0,-9.116547491470556,-600,72,3.32433657092667,-9.116547491470556,0.0,0.0,0.0025760595066885994,3.3262614484696824,-600,3.32433657092667,-266.36123945249324,-338.2200966598248,0,0,349.7560241236643,0.0002810955047607422,1526297671.361646
0,0.0006339627961353678,0.0002987212757261659,-0.0006511819636765281,-4.182097860388012,-733.6090678021776,-1662.2088343374344,0,0,-8.875479145892314,-600,73,3.3249705337228055,-8.875479145892314,0.0,0.0,0.0022504685248503353,3.3265870394515207,-600,3.3249705337228055,-266.3909321978224,-337.7911656625656,0,0,349.75632284494003,0.00030517578125,1526297671.3755338
0,0.0006136683921917907,0.0002718104188375037,-0.0006339627961353678,-3.805345863747789,-733.5813677082115,-1662.6132864280407,0,0,-8.591357490684459,-600,74,3.3255842021149973,-8.591357490684459,0.0,0.0,0.0019334871267826514,3.3269040208495886,-600,3.3255842021149973,-266.4186322917885,-337.38671357195926,0,0,349.75659465535887,0.00021886825561523438,1526297671.3886578
0,0.000590930773468834,0.00024650678153648187,-0.0006136683921913466,-3.4510949417324355,-733.5556100206873,-1662.9932950375803,0,0,-8.273030828560877,-600,75,3.326175132888466,-8.273030828560877,0.0,0.0,0.0016266529306869781,3.327210855045684,-600,3.326175132888466,-266.44438997931275,-337.0067049624197,0,0,349.7568411621404,0.0003046989440917969,1526297671.4022315
0,0.0005663128165687148,0.00022279668445435163,-0.0005909307734692781,-3.1191535823836603,-733.5317344692953,-1663.349111948321,0,0,-7.928379431963549,-600,76,3.326741445705035,-7.928379431963549,0.0,0.0,0.001331187543952339,3.327506320432419,-600,3.326741445705035,-266.4682655307047,-336.650888051679,0,0,349.75706395882486,0.0003185272216796875,1526297671.4153535
0,0.0005403125419860544,0.00020065406260982854,-0.0005663128165682707,-2.809156876162433,-733.5096728234589,-1663.6811703003787,0,0,-7.564375587804534,-600,77,3.327281758247021,-7.564375587804534,0.0,0.0,0.0010480311356682037,3.327789476840703,-600,3.327281758247021,-266.4903271765411,-336.31882969962135,0,0,349.75726461288747,0.0002799034118652344,1526297671.4289346
0,0.0005133676045359081,0.00018004257503889676,-0.0005403125419860544,-2.520596050567292,-733.4893507167237,-1663.990053232709,0,0,-7.1871464635005395,-600,78,3.327795125851557,-7.1871464635005395,0.0,0.0,0.0007778748646751765,3.328059633111696,-600,3.327795125851557,-266.5106492832763,-336.009946767291,0,0,349.7574446554625,0.0003058910369873047,1526297671.4418068
0,0.0004858598501815692,0.00016091748898361402,-0.0005133676045359081,-2.2528448459922856,-733.4706892509075,-1664.2764659031002,0,0,-6.802037902540178,-600,79,3.3282809857017384,-6.802037902540178,0.0,0.0,0.0005211910624072225,3.328316316913964,-600,3.3282809857017384,-266.5293107490925,-335.7235340968998,0,0,349.7576055729515,0.00031876564025878906,1526297671.4553273
0,0.00045811983869725736,0.00014322735501082207,-0.0004858598501815692,-2.0051829701742463,-733.4536063981147,-1664.541210631711,0,0,-6.413677741762513,-600,80,3.3287391055404356,-6.413677741762513,0.0,0.0,0.00027826113731643787,3.328559246839055,-600,3.3287391055404356,-266.54639360188526,-335.458789368289,0,0,349.7577488003065,0.00028324127197265625,1526297671.468833
0,0.000430431260483477,0.00012691549000010127,-0.00045811983869725736,-1.7768168602231071,-733.438018220312,-1664.785164919465,0,0,-6.026037646770419,-600,81,3.329169536800919,-6.026037646770419,0.0,0.0,4.9201217967809185e-05,3.3287883067584034,-600,3.329169536800919,-266.56198177968804,-335.21483508053507,0,0,349.7578757157965,0.0002684593200683594,1526297671.4826598
0,0.0004030351945565336,0.00011192128363290976,-0.000430431260483477,-1.566897971082426,-733.4238399187996,-1665.009262110118,0,0,-5.6424927237894735,-600,82,3.3295725719954756,-5.6424927237894735,0.0,0.0,0,3.3290035223886454,-600,3.3295725719954756,-266.57616008120044,-334.990737889882,0,0,349.75798763708013,0.00022840499877929688,1526297671.4958098
0,0.00037613417402537763,9.818134248007482e-05,-0.0005690496068302409,-1.3745387943458809,-733.4109867356631,-1665.214474469991,0,0,-5.265878436355706,-600,83,3.329948706169501,-5.265878436355706,0.0,0.0,0,3.3292880471920605,-600,3.329948706169501,-266.5890132643369,-334.78552553000895,0,0,349.7580858184226,0.0002300739288330078,1526297671.5089743
0,0.0003498960337067203,8.563048629639525e-05,-0.0006606589774404981,-1.198826807774367,-733.3993747171519,-1665.4017984750737,0,0,-4.898544471896457,-600,84,3.3302986022032077,-4.898544471896457,0.0,0.0,0,3.3296183766807808,-600,3.3302986022032077,-266.6006252828481,-334.59820152492625,0,0,349.7581714489089,0.00024390220642089844,1526297671.5226493
0,0.00032445752679199913,7.420261039214893e-05,-0.0006802255224269693,-1.0388365451149184,-733.3889213527129,-1665.5722421021721,0,0,-4.542405375090311,-600,85,3.3306230597299997,-4.542405375090311,0.0,0.0,0,3.329958489441994,-600,3.3306230597299997,-266.61107864728706,-334.42775789782786,0,0,349.7582456515193,0.0002739429473876953,1526297671.539325
0,0.00029992770480147257,6.383142499544192e-05,-0.0006645702880057058,-0.8936399499589243,-733.3795461069883,-1665.7268139430528,0,0,-4.198987867217511,-600,86,3.330922987434801,-4.198987867217511,0.0,0.0,0,3.330290774585997,-600,3.330922987434801,-266.6204538930117,-334.2731860569472,0,0,349.7583094829443,0.00022459030151367188,1526297671.5528727
0,0.0002763910567487038,5.445108530466314e-05,-0.0006322128488043255,-0.7623151942880213,-733.3711708505462,-1665.8665139551658,0,0,-3.8694747944828123,-600,87,3.33119937849155,-3.8694747944828123,0.0,0.0,0,3.3306068810103993,-600,3.33119937849155,-266.62882914945385,-334.13348604483417,0,0,349.7583639340296,0.0002315044403076172,1526297671.5664363
0,0.00025391041331745967,4.599672126914811e-05,-0.0005924974811506445,-0.6439540977908109,-733.3637202064551,-1665.992325695754,0,0,-3.5547457864449825,-600,88,3.3314532889048674,-3.5547457864449825,0.0,0.0,0,3.3309031297509746,-600,3.3314532889048674,-266.6362797935449,-334.00767430424594,0,0,349.7584099307509,0.00022172927856445312,1526297671.5803678
0,0.00023252961802144867,3.8404879205700126e-05,-0.0005501591538927819,-0.5376683089025391,-733.3571218160841,-1666.1052098750133,0,0,-3.2554146522998053,-600,89,3.331685818522889,-3.2554146522998053,0.0,0.0,0,3.3311782093279207,-600,3.331685818522889,-266.64287818391585,-333.8947901249867,0,0,349.7584483356301,0.0002377033233642578,1526297671.5940206
0,0.00021227597732575987,3.161388303851709e-05,-0.0005076091949680617,-0.4425943625619766,-733.3513065402428,-1666.2060990971952,0,0,-2.9718636825600697,-600,90,3.3318980945002146,-2.9718636825600697,0.0,0.0,0,3.331432013925405,-600,3.3318980945002146,-266.64869345975717,-333.7939009028048,0,0,349.7584799495131,0.00022029876708984375,1526297671.6067672
0,0.00019316249487699721,2.5564125110122404e-05,-0.0004660805748097907,-0.357897751763403,-733.3462085988458,-1666.2958936493908,0,0,-2.7042749282773,-600,91,3.3320912569950916,-2.7042749282773,0.0,0.0,0,3.3316650542128095,-600,3.3320912569950916,-266.6537914011542,-333.7041063506092,0,0,349.7585055136382,0.0002570152282714844,1526297671.6212974
0,0.00017518990372611398,2.0198294123474625e-05,-0.0004262027822821146,-0.2827761179503341,-733.3417656592474,-1666.3754582228023,0,0,-2.4526586521642457,-600,92,3.3322664468988177,-2.4526586521642457,0.0,0.0,0,3.3318781556039507,-600,3.3322664468988177,-266.65823434075264,-333.6245417771977,0,0,349.75852571193235,0.00029730796813964844,1526297671.6353288
0,0.00015834850559715008,1.546154760490026e-05,-0.00038829129486694924,-0.2164616660934371,-733.3379188808067,-1666.4456194530999,0,0,-2.2168790783580334,-600,93,3.332424795404415,-2.2168790783580334,0.0,0.0,0,3.332072301251384,-600,3.332424795404415,-266.6620811191933,-333.5543805469001,0,0,349.75854117347995,0.0008394718170166016,1526297671.6498072
0,0.00014261982910834803,1.1301635822746903e-05,-0.00035249415303084675,-0.158222901541194,-733.3346129200606,-1666.5071641783982,0,0,-1.996677607519814,-600,94,3.332567415233523,-1.996677607519814,0.0,0.0,0,3.3322485483278994,-600,3.332567415233523,-266.66538707993936,-333.49283582160183,0,0,349.7585524751158,0.0002841949462890625,1526297671.6629732
0,0.00012797811905285172,7.668983982966893e-06,-0.0003188669056237714,-0.1073657755853219,-733.3317959028705,-1666.5608383215442,0,0,-1.7916936667388654,-600,95,3.332695393352576,-1.7916936667388654,0.0,0.0,0,3.3324079817807113,-600,3.332695393352576,-266.66820409712955,-333.4391616784558,0,0,349.75856014409976,0.00028824806213378906,1526297671.6769505
0,0.00011439166820537139,4.516736680670874e-06,-0.0002874115718647374,-0.0632343135521296,-733.3294193713016,-1666.6073463151463,0,0,-1.601483354872471,-600,96,3.3328097850207814,-1.601483354872471,0.0,0.0,0,3.3325516875666437,-600,3.3328097850207814,-266.6705806286984,-333.3926536848537,0,0,349.75856466083644,0.000274658203125,1526297671.6899643
0,0.00010182400209401976,1.8007719404522504e-06,-0.0002580974541377401,-0.025210806990116907,-733.3274382054356,-1666.6473509875743,0,0,-1.4255360293136619,-600,97,3.3329116090228754,-1.4255360293136619,0.0,0.0,0,3.3326807362937125,-600,3.3329116090228754,-266.67256179456444,-333.3526490124257,0,0,349.7585664616084,0.00027251243591308594,1526297671.7036695
0,9.023492924908894e-05,-5.203124260333425e-07,-0.0002308727291628898,0.007284373742777461,-733.325810527873,-1666.6814738458697,0,0,-1.2632890094901086,-600,98,3.3330018439521245,-1.2632890094901086,0.0,0.0,0,3.332796172658294,-600,3.3330018439521245,-266.67418947212695,-333.31852615413027,0,0,349.75856594129596,0.000270843505859375,1526297671.7173867
0,7.958146659747811e-05,-2.485234460891661e-06,-0.00020567129383053384,0.03479328223079392,-733.3244975927187,-1666.7102956895121,0,0,-1.114140532365127,-600,99,3.333081425418722,-1.114140532365127,0.0,0.0,0,3.3328990083052092,-600,3.333081425418722,-266.67550240728133,-333.2897043104879,0,0,349.7585634560615,0.0002269744873046875,1526297671.7306297
0,6.981865069333182e-05,-4.130083311792987e-06,-0.00018241711351274503,0.057821166541316416,-733.3234636638224,-1666.734357502719,0,0,-0.977461109709111,-600,100,3.3331512440694153,-0.977461109709111,0.0,0.0,0,3.3329902168619654,-600,3.3331512440694153,-266.6765363361776,-333.2656424972811,0,0,349.7585593259782,0.0002796649932861328,1526297671.7438698
0,6.090024428484497e-05,-5.4883894335944206e-06,-0.00016102720744992638,0.07683745244548845,-733.3226758824765,-1666.754161569969,0,0,-0.8526034199858259,-600,101,3.3332121443137,-0.8526034199858259,0.0,0.0,0,3.3330707304656904,-600,3.3332121443137,-266.67732411752354,-333.245838430031,0,0,349.75855383758875,0.00022649765014648438,1526297671.758182
0,5.277934850989041e-05,-6.591207750261674e-06,-0.00014141384800980816,0.09227690848092607,-733.3221041309343,-1666.7701727775466,0,0,-0.7389108791358012,-600,102,3.33326492366221,-0.7389108791358012,0.0,0.0,0,3.3331414373896955,-600,3.33326492366221,-266.67789586906565,-333.2298272224534,0,0,349.758547246381,0.00028777122497558594,1526297671.7757792
0,4.5408927433321367e-05,-7.467210309641814e-06,-0.00012348627251457245,0.1045409445112,-733.3217208901601,-1666.782820054351,0,0,-0.635724984065746,-600,103,3.3333103325896434,-0.635724984065746,0.0,0.0,0,3.3332031805259525,-600,3.3333103325896434,-266.6782791098399,-333.2171799456489,0,0,349.7585397791707,0.0002887248992919922,1526297671.7897115
0,3.874225584210578e-05,-8.142787123688322e-06,-0.00010715206369082964,0.11399902010680307,-733.321501096583,-1666.7924979235238,0,0,-0.5423915817918896,-600,104,3.3333490748454855,-0.5423915817918896,0.0,0.0,0,3.333256756557798,-600,3.3333490748454855,-266.678498903417,-333.2075020764762,0,0,349.75853163638357,0.0002770423889160156,1526297671.8029199
0,3.27332956988613e-05,-8.642151954063593e-06,-9.231828768729855e-05,0.12099012733415293,-733.3214219978572,-1666.799568129477,0,0,-0.45826613978351816,-600,105,3.3333818081411843,-0.45826613978351816,0.0,0.0,0,3.333302915701642,-600,3.3333818081411843,-266.6785780021428,-333.20043187052306,0,0,349.7585229942316,0.0002875328063964844,1526297671.8167295
0,2.7337009671946078e-05,-8.987451906250499e-06,-7.889243954251057e-05,0.12582432646581765,-733.3214630092186,-1666.8043613172472,0,0,-0.38271813540995936,-600,106,3.3334091451508563,-0.38271813540995936,0.0,0.0,0,3.333342361921413,-600,3.3334091451508563,-266.67853699078137,-333.1956386827528,0,0,349.7585140067797,0.000362396240234375,1526297671.829865
0,2.250961830974063e-05,-9.198879467930965e-06,-6.678322944342341e-05,0.12878431232934417,-733.3216055724279,-1666.8071787399015,0,0,-0.3151346563354309,-600,107,3.333431654769166,-0.3151346563354309,0.0,0.0,0,3.3333757535361346,-600,3.333431654769166,-266.67839442757213,-333.1928212600985,0,0,349.75850480790024,0.0002951622009277344,1526297671.8443081
0,1.8208806876085504e-05,-9.294785058955313e-06,-5.5901233031452335e-05,0.13012699060368504,-733.3218330169018,-1666.808293973702,0,0,-0.25492329626285937,-600,108,3.333449863576042,-0.25492329626285937,0.0,0.0,0,3.3334037041526505,-600,3.333449863576042,-266.6781669830982,-333.1917060262981,0,0,349.7584955131152,0.0002727508544921875,1526297671.8575234
0,1.4393887752817136e-05,-9.29178935393793e-06,-4.615942339158963e-05,0.1300850511313456,-733.3221304262167,-1666.8079546249146,0,0,-0.20151442853966728,-600,109,3.333464257463795,-0.20151442853966728,0.0,0.0,0,3.333426783864346,-600,3.333464257463795,-266.67786957378325,-333.1920453750854,0,0,349.7584862213258,0.0002541542053222656,1526297671.8713412
0,1.1025922864060789e-05,-9.20489441114114e-06,-3.7473599448833994e-05,0.1288685217332386,-733.3224845068003,-1666.806384014933,0,0,-0.15436292009690078,-600,110,3.333475283386659,-0.15436292009690078,0.0,0.0,0,3.3334455206640703,-600,3.333475283386659,-266.67751549319973,-333.193615985067,0,0,349.7584770164314,0.00023317337036132812,1526297671.884471
0,8.06781266371459e-06,-9.047592300248652e-06,-2.976272258869983e-05,0.12666629218074377,-733.3228834633871,-1666.8037828287936,0,0,-0.11294937729326193,-600,111,3.3334833511993227,-0.11294937729326193,0.0,0.0,0,3.3334604020253646,-600,3.3334833511993227,-266.67711653661286,-333.1962171712064,0,0,349.7584679688391,0.0003650188446044922,1526297671.900301
0,5.484354413276549e-06,-8.831971513245662e-06,-2.2949173958064506e-05,0.12364760136165387,-733.3233168796482,-1666.8003307217134,0,0,-0.07678096178278793,-600,112,3.333488835553736,-0.07678096178278793,0.0,0.0,0,3.333471876612344,-600,3.333488835553736,-266.67668312035175,-333.1996692782866,0,0,349.7584591368676,0.00027680397033691406,1526297671.913878
0,3.242274220216501e-06,-8.568819680476736e-06,-1.6958941392086757e-05,0.11996347530498497,-733.3237756033952,-1666.7961878719098,0,0,-0.045391839081275975,-600,113,3.333492077827956,-0.045391839081275975,0.0,0.0,0,3.33348035608304,-600,3.333492077827956,-266.67622439660477,-333.20381212809025,0,0,349.7584505680479,0.00022172927856445312,1526297671.9267426
0,1.3102373124240785e-06,-8.26772236450779e-06,-1.1721744916037835e-05,0.11574811327932366,-733.3242516381517,-1666.7914964751276,0,0,-0.018343322375585558,-600,114,3.3334933880652686,-0.018343322375585558,0.0,0.0,0,3.333486216955498,-600,3.3334933880652686,-266.67574836184826,-333.2085035248724,0,0,349.75844230032556,0.00021886825561523438,1526297671.9430304
0,-3.411610789427755e-07,-7.93715850022636e-06,-7.171109770442996e-06,0.11112021898043167,-733.3247380414889,-1666.7863821774915,0,0,0.004776255107572069,-600,115,3.3334930469041897,0.004776255107572069,0.0,0.0,0,3.3334898025103836,-600,3.3334930469041897,-266.6752619585111,-333.21361782250847,0,0,349.75843436316705,0.00022363662719726562,1526297671.957185
0,-1.7394212878940607e-06,-7.584590491660492e-06,-3.244393806056678e-06,0.10618426705946149,-733.3252288277379,-1666.7809554393216,0,0,0.024351898027816787,-600,116,3.333491307482902,0.024351898027816787,0.0,0.0,0,3.3334914247072867,-600,3.333491307482902,-266.6747711722621,-333.2190445606784,0,0,349.75842677857656,0.0002589225769042969,1526297671.9711123
0,-2.910177737902586e-06,-7.216550784505671e-06,1.1722438486572173e-07,0.10103171076139006,-733.3257188778646,-1666.7753128328968,0,0,0.04074248833057936,-600,117,3.333488397305164,0.04074248833057936,0.0,0.0,5.8612192432860866e-08,3.333491366095094,-600,3.333488397305164,-266.6742811221354,-333.2246871671032,0,0,349.7584195620258,0.0002980232238769531,1526297671.9838674
0,-3.87724884465257e-06,-6.83872303852695e-06,2.910177737902586e-06,0.09574212231768797,-733.3262038543182,-1666.7695382679995,0,0,0.0542814838263439,-600,118,3.3334845200563192,0.0542814838263439,0.0,0.0,1.513701061384154e-06,3.3334899110062253,-600,3.3334845200563192,-266.67379614568176,-333.23046173200055,0,0,349.75841272330274,0.00021886825561523438,1526297671.998735
0,-4.662695607837719e-06,-6.45601926407835e-06,3.87724884465257e-06,0.09038427007226346,-733.3266801228433,-1666.763704147229,0,0,0.0652777385112131,-600,119,3.3334798573607114,0.0652777385112131,0.0,0.0,3.452325483710439e-06,3.333487972381803,-600,3.3334798573607114,-266.6733198771567,-333.23629585277104,0,0,349.7584062672835,0.0002231597900390625,1526297672.0129173
0,-5.286887658773054e-06,-6.072652126931644e-06,4.662695607837719e-06,0.08501713015220957,-733.3271446782703,-1666.757872451882,0,0,0.0740164272247057,-600,120,3.3334745704730526,0.0740164272247057,0.0,0.0,5.7836732876292984e-06,3.333485641033999,-600,3.3334745704730526,-266.6728553217297,-333.2421275481181,0,0,349.75840019463135,0.00022363662719726562,1526297672.0287743
0,-5.768574335984766e-06,-5.692202307727712e-06,5.286887658328965e-06,0.0796908322854506,-733.3275950766733,-1666.7520957556121,0,0,0.0807600407024438,-600,121,3.3334688018987166,0.0807600407024438,0.0,0.0,8.42711711679378e-06,3.3334829975901696,-600,3.3334688018987166,-266.67240492332667,-333.2479042443879,0,0,349.75839450242904,0.0002682209014892578,1526297672.0422664
0,-6.124959692765941e-06,-5.317681825545151e-06,5.768574335984766e-06,0.07444754593279868,-733.3280293727,-1666.7464181732328,0,0,0.08574943570056348,-600,122,3.333462676939024,0.08574943570056348,0.0,0.0,1.1311404284786164e-05,3.3334801133030014,-600,3.333462676939024,-266.67197062729997,-333.25358182676723,0,0,349.7583891847472,0.00022029876708984375,1526297672.0551922
0,-6.37178049434084e-06,-4.951592984525632e-06,6.124959692765941e-06,0.06932230195957345,-733.3284460618756,-1666.740876240084,0,0,0.08920492692050175,-600,123,3.3334563051585295,0.08920492692050175,0.0,0.0,1.4373884131169135e-05,3.333477050823155,-600,3.3334563051585295,-266.67155393812436,-333.25912375991606,0,0,349.75838423315423,0.0002815723419189453,1526297672.0699615
0,-6.52338531237362e-06,-4.5959825456520775e-06,6.37178049434084e-06,0.06434375541743975,-733.3288440272838,-1666.7354997281336,0,0,0.09132739437336568,-600,124,3.333449781773217,0.09132739437336568,0.0,0.0,1.7559774378339554e-05,3.3334738649329076,-600,3.333449781773217,-266.6711559727162,-333.2645002718664,0,0,349.7583796371717,0.0003452301025390625,1526297672.0842743
0,-6.5928147252591884e-06,-4.252492203704605e-06,6.52338531237362e-06,0.05953489063017514,-733.3292224908234,-1666.7303123998067,0,0,0.09229940615114174,-600,125,3.333443188958492,0.09229940615114174,0.0,0.0,2.0821467034526364e-05,3.3334706032402517,-600,3.333443188958492,-266.67077750917656,-333.26968760019327,0,0,349.7583753846795,0.00022268295288085938,1526297672.0999038
0,-6.591880602702105e-06,-3.92240514202058e-06,6.5928147252591884e-06,0.05491367236345468,-733.329580970036,-1666.7253327023275,0,0,0.09228632843587548,-600,126,3.333436597077889,0.09228632843587548,0.0,0.0,2.411787439715596e-05,3.333467306832889,-600,3.333436597077889,-266.670419029964,-333.2746672976725,0,0,349.75837146227434,0.0002627372741699219,1526297672.1129634
0,-6.531245480001502e-06,-3.606688665058755e-06,6.591880602702105e-06,0.0504936412880852,-733.3299192363256,-1666.7205744049625,0,0,0.09143743672029814,-600,127,3.333430065832409,0.09143743672029814,0.0,0.0,2.741381469850701e-05,3.3334640108925875,-600,3.333430065832409,-266.6700807636744,-333.27942559503754,0,0,349.7583678555857,0.0002808570861816406,1526297672.1279018
0,-6.420499202963725e-06,-3.30603290876752e-06,6.531245480001502e-06,0.04628446070000791,-733.330237278949,-1666.716047181751,0,0,0.08988698884058977,-600,128,3.3334236453332062,0.08988698884058977,0.0,0.0,3.067943743850776e-05,3.3334607452698473,-600,3.3334236453332062,-266.66976272105103,-333.28395281824896,0,0,349.75836454955277,0.0002269744873046875,1526297672.143932
0,-6.2682344110776e-06,-3.0208869929992943e-06,6.420499202519636e-06,0.04229241768030079,-733.3305352729838,-1666.7117571446965,0,0,0.08775528175465297,-600,129,3.333417377098795,0.08775528175465297,0.0,0.0,3.388968703976758e-05,3.333457535020246,-600,3.333417377098795,-266.66946472701625,-333.28824285530345,0,0,349.7583615286658,0.00022935867309570312,1526297672.1570725
0,-6.082119843764389e-06,-2.7514910811987647e-06,6.2682344110776e-06,0.03852087551194927,-733.3308135486902,-1666.7077073268217,0,0,0.08514967781229643,-600,130,3.3334112949789514,0.08514967781229643,0.0,0.0,3.702380424530638e-05,3.3334544009030402,-600,3.3334112949789514,-266.66918645130977,-333.2922926731783,0,0,349.7583587771747,0.00028014183044433594,1526297672.1708722
0,-5.868970332389978e-06,-2.4979062231977878e-06,6.0821198433202994e-06,0.03497068749993559,-733.3310725656474,-1666.7038981218525,0,0,0.08216558465574053,-600,131,3.333405426008619,0.08216558465574053,0.0,0.0,4.006486416696653e-05,3.3334513598431186,-600,3.333405426008619,-266.66892743435255,-333.2961018781475,0,0,349.75835627926847,0.0002269744873046875,1526297672.1846087
0,-5.634814386201725e-06,-2.2600404463446466e-06,5.868970332389978e-06,0.03164056642503965,-733.3313128880832,-1666.7003276783419,0,0,0.07888740140697337,-600,132,3.333399791194233,0.07888740140697337,0.0,0.0,4.299934933316152e-05,3.333448425357952,-600,3.333399791194233,-266.6686871119168,-333.29967232165814,0,0,349.758354019228,0.0003685951232910156,1526297672.1985753
0,-5.384958158050068e-06,-2.0376731413307425e-06,5.634814386201725e-06,0.028527423955893028,-733.3315351649787,-1666.6969922589772,0,0,0.07538941421444179,-600,133,3.3333944062360747,0.07538941421444179,0.0,0.0,4.581675652626238e-05,3.3334456079507593,-600,3.3333944062360747,-266.66846483502127,-333.30300774102284,0,0,349.7583519815549,0.00022459030151367188,1526297672.211693
0,-5.124047231852558e-06,-1.8304762647858297e-06,5.384958158050068e-06,0.02562666808216818,-733.3317401105717,-1666.6938865575105,0,0,0.0717366612443584,-600,134,3.333389282188843,0.0717366612443584,0.0,0.0,4.8509235605287415e-05,3.3334429154716805,-600,3.333389282188843,-266.6682598894283,-333.3061134424895,0,0,349.7583501510786,0.0002434253692626953,1526297672.2255785
0,-4.856123822616354e-06,-1.6380340071009414e-06,5.124047232296647e-06,0.022932475877723846,-733.3319284890365,-1666.6910039868412,0,0,0.06798573351625237,-600,135,3.3333844260650203,0.06798573351625237,0.0,0.0,5.107125922143574e-05,3.333440353448064,-600,3.3333844260650203,-266.6680715109635,-333.3089960131588,0,0,349.7583485130446,0.0002987384796142578,1526297672.2387483
0,-4.584682298691689e-06,-1.4598591633330216e-06,4.856123822172265e-06,0.020438028661828866,-733.3321010981706,-1666.6883369304912,0,0,0.06418555218260735,-600,136,3.3333798413827216,0.06418555218260735,0.0,0.0,5.349932113252187e-05,3.333437925386153,-600,3.3333798413827216,-266.6678989018294,-333.31166306950877,0,0,349.75834705318545,0.00027871131896972656,1526297672.2523866
0,-4.31271934120403e-06,-1.2954091630490439e-06,4.584682298691689e-06,0.01813572865785318,-733.3322587590487,-1666.6858769696091,0,0,0.06037807077882462,-600,137,3.3333755286633804,0.06037807077882462,0.0,0.0,5.5791662281867715e-05,3.3334356330450037,-600,3.3333755286633804,-266.6677412409513,-333.3141230303909,0,0,349.7583457577763,0.0003867149353027344,1526297672.2661054
0,-4.042782947966117e-06,-1.1440987464084174e-06,4.31271934120403e-06,0.016017382824884407,-733.3324023032901,-1666.6836150795348,0,0,0.05659896127326647,-600,138,3.3333714858804324,0.05659896127326647,0.0,0.0,5.794802195246973e-05,3.3334334766853333,-600,3.3333714858804324,-266.6675976967099,-333.3163849204652,0,0,349.75834461367754,0.0002765655517578125,1526297672.2793946
0,-3.7770166629869095e-06,-1.005312071811204e-06,4.042782948410206e-06,0.014074369380523422,-733.3325325654982,-1666.6815418038823,0,0,0.052878233283990994,-600,139,3.3333677088637694,0.052878233283990994,0.0,0.0,5.9969413426674834e-05,3.333431455293859,-600,3.3333677088637694,-266.66746743450176,-333.3184581961177,0,0,349.75834360836546,0.0003643035888671875,1526297672.2932222
0,-3.517201867975217e-06,-8.784128340266761e-07,3.7770166629869095e-06,0.01229778005154003,-733.3326503739102,-1666.6796474061414,0,0,0.049240826152527006,-600,140,3.3333641916619015,0.049240826152527006,0.0,0.0,6.185792175816829e-05,3.3334295667855276,-600,3.3333641916619015,-266.66734962608984,-333.3203525938586,0,0,349.75834272995263,0.0002760887145996094,1526297672.3065228
0,-3.2647960228615602e-06,-7.627531886100769e-07,3.517201867975217e-06,0.010678544816755675,-733.3327565450247,-1666.677921999792,0,0,0.045707144319749204,-600,141,3.3333609268658786,0.045707144319749204,0.0,0.0,6.36165226921559e-05,3.3334278081845934,-600,3.3333609268658786,-266.6672434549753,-333.32207800020797,0,0,349.75834196719944,0.00032973289489746094,1526297672.3206124
0,-3.0209688319793315e-06,-6.576812552339106e-07,3.264796022417471e-06,0.009207537749489347,-733.3328518766393,-1666.6763556611102,0,0,0.042293563645216636,-600,142,3.3333579058970466,0.042293563645216636,0.0,0.0,6.524892070336463e-05,3.333426175786582,-600,3.3333579058970466,-266.6671481233607,-333.32364433888984,0,0,349.7583413095182,0.00033855438232421875,1526297672.3339052
0,-2.786634782037112e-06,-5.625478820547869e-07,3.0209688319793315e-06,0.007875670127077683,-733.3329371448656,-1666.6749385252615,0,0,0.039012886951240944,-600,143,3.3333551192622646,0.039012886951240944,0.0,0.0,6.67594051193543e-05,3.333424665302166,-600,3.3333551192622646,-266.6670628551344,-333.3250614747385,0,0,349.7583407469703,0.00026607513427734375,1526297672.3451676
0,-2.562483968127083e-06,-4.7671176162111806e-07,2.786634782037112e-06,0.006673965037862217,-733.3330130989566,-1666.6736608660813,0,0,0.03587477555629448,-600,144,3.3333525567782964,0.03587477555629448,0.0,0.0,6.815272251037285e-05,3.333423271984775,-600,3.3333525567782964,-266.6669869010434,-333.32633913391874,0,0,349.75834027025854,0.00580906867980957,1526297672.3616626
0,-2.349009252888834e-06,-3.995446036242356e-07,2.562483968127083e-06,0.005593624825905863,-733.3330804603122,-1666.6725131645137,0,0,0.0328861295383831,-600,145,3.3333502077690436,0.0328861295383831,0.0,0.0,6.94339644944364e-05,3.333421990742791,-600,3.3333502077690436,-266.6669195396878,-333.3274868354863,0,0,349.75833987071394,0.00031065940856933594,1526297672.3765647
0,-2.1465323767344557e-06,-3.304342612864275e-07,2.349009252888834e-06,0.0046260796352726175,-733.3331399177041,-1666.6714861619312,0,0,0.030051453271880746,-600,146,3.333348061236667,0.030051453271880746,0.0,0.0,7.060846912088081e-05,3.3334208162381644,-600,3.333348061236667,-266.6668600822959,-333.32851383806883,0,0,349.7583395402797,0.002672910690307617,1526297672.3912578
0,-1.9552259655775117e-06,-2.6878825565290754e-07,2.1465323767344557e-06,0.003763035357451372,-733.3331921284696,-1666.6705709068879,0,0,0.027373163520678645,-600,147,3.3333461060107012,0.027373163520678645,0.0,0.0,7.168173530924804e-05,3.333419742971976,-600,3.3333461060107012,-266.6668078715304,-333.32942909311214,0,0,349.7583392714914,0.00030517578125,1526297672.405412
0,-1.775135624271229e-06,-2.1403599248515093e-07,1.9552259655775117e-06,0.0029965040710067115,-733.3332377157262,-1666.6697587883448,0,0,0.024851898739143508,-600,148,3.333344330875077,0.024851898739143508,0.0,0.0,7.26593482920368e-05,3.333418765358993,-600,3.333344330875077,-266.6667622842738,-333.3302412116552,0,0,349.75833905745543,0.00022602081298828125,1526297672.4201276
0,-1.606197889802985e-06,-1.6563086546739214e-07,1.775135624271229e-06,0.0023188318948541564,-733.3332772689687,-1666.6690415629262,0,0,0.022486770456453087,-600,149,3.333342724677187,0.022486770456453087,0.0,0.0,7.354691610417241e-05,3.333417877791181,-600,3.333342724677187,-266.6667227310313,-333.33095843707383,0,0,349.75833889182456,0.0002391338348388672,1526297672.4340694
0,-1.448257987313184e-06,-1.2305110885790782e-07,1.606197889802985e-06,0.001722715700225308,-733.3333113420792,-1666.668411373621,0,0,0.020275611819670303,-600,150,3.3333412764192,0.020275611819670303,0.0,0.0,7.43500150490739e-05,3.3334170746922362,-600,3.3333412764192,-266.66668865792076,-333.331588626379,0,0,349.75833876877346,0.00022149085998535156,1526297672.4480076
0,-1.3010843060712318e-06,-8.580138910474489e-08,1.448257987313184e-06,0.0012012194247290608,-733.3333404559141,-1666.6678607635106,0,0,0.018215180287370458,-600,151,3.333339975334894,0.018215180287370458,0.0,0.0,7.50741440427305e-05,3.3334163505632426,-600,3.333339975334894,-266.66665954408586,-333.3321392364894,0,0,349.75833868297207,0.0003447532653808594,1526297672.4661114
0,-1.1643828905505416e-06,-5.341274800230167e-08,1.3010843060712318e-06,0.0007477782503428898,-733.333365096712,-1666.6673826815384,0,0,0.016301360465149628,-600,152,3.3333388109520032,0.016301360465149628,0.0,0.0,7.572468619576611e-05,3.3334157000210896,-600,3.3333388109520032,-266.666634903288,-333.33261731846164,0,0,349.7583386295593,0.0002288818359375,1526297672.4805913
0,-1.0378090045115584e-06,-2.544322796893539e-08,1.1643828905505416e-06,0.0003562049698757619,-733.3333857184812,-1666.6669704864887,0,0,0.014529326064803172,-600,153,3.3333377731429987,0.014529326064803172,0.0,0.0,7.630687764104138e-05,3.3334151178296443,-600,3.3333377731429987,-266.66661428151883,-333.3330295135113,0,0,349.7583386041161,0.00022602081298828125,1526297672.49392
0,-9.209785298835982e-07,-1.4775878298678435e-09,1.0378090045115584e-06,2.068660478471429e-05,-733.333402742204,-1666.6666179444007,0,0,0.01289369941878249,-600,154,3.333336852164469,0.01289369941878249,0.0,0.0,7.682578214329716e-05,3.333414598925142,-600,3.333336852164469,-266.66659725779596,-333.33338205559926,0,0,349.7583386026385,0.00027871131896972656,1526297672.5077336
0,-8.134766349421341e-07,1.887275402623345e-08,9.209785298835982e-07,-0.00026421818120070384,-733.3334165582244,-1666.6663192235944,0,0,0.011388672890461748,-600,155,3.333336038687834,0.011388672890461748,0.0,0.0,7.728627140823896e-05,3.333414138435877,-600,3.333336038687834,-266.66658344177563,-333.3336807764056,0,0,349.75833862151126,0.00022482872009277344,1526297672.5223103
0,-7.14866757789423e-07,3.597045861170045e-08,8.134766349421341e-07,-0.0005035862443492078,-733.3334275270431,-1666.6660688867125,0,0,0.010008134609961417,-600,156,3.333335323821076,0.010008134609961417,0.0,0.0,7.769300972571003e-05,3.3334137316975596,-600,3.333335323821076,-266.6665724729569,-333.33393111328746,0,0,349.7583386574817,0.00022268295288085938,1526297672.5356038
0,-6.246979502577688e-07,5.015289161747205e-08,7.14866757789423e-07,-0.0007021401074780442,-733.3334359797163,-1666.6658618801762,0,0,0.008745771305257222,-600,157,3.333334699123126,0.008745771305257222,0.0,0.0,7.805044310460474e-05,3.3334133742641807,-600,3.333334699123126,-266.66656402028366,-333.3341381198238,0,0,349.7583387076346,0.00035190582275390625,1526297672.5505674
0,-5.425104991907403e-07,6.173257816044497e-08,6.246979502577688e-07,-0.0008642561169835972,-733.3334422208395,-1666.6656935230435,0,0,0.007595146988023771,-600,158,3.3333341566126267,0.007595146988023771,0.0,0.0,7.836279207973362e-05,3.3334130619152056,-600,3.3333341566126267,-266.6665577791605,-333.3343064769565,0,0,349.7583387693672,0.00024437904357910156,1526297672.5642846
0,-4.678422000914395e-07,7.099862386894529e-08,5.425104991907403e-07,-0.0009939803589986695,-733.3334465283485,-1666.6655594912925,0,0,0.006549790799908806,-600,159,3.3333336887704266,0.006549790799908806,0.0,0.0,7.863404732932899e-05,3.333412790659956,-600,3.3333336887704266,-266.66655347165147,-333.33444050870753,0,0,349.7583388403658,0.00022649765014648438,1526297672.5800989
0,-4.002322935292568e-07,7.821705594324158e-08,4.678422000914395e-07,-0.0010950390048947156,-733.3334491561061,-1666.665455804889,0,0,0.005603252109722234,-600,160,3.333333288538133,0.005603252109722234,0.0,0.0,7.886796842937471e-05,3.333412556738856,-600,3.333333288538133,-266.6665508438939,-333.334544195111,0,0,349.75833891858287,0.0003275871276855469,1526297672.5939565
0,-3.3922590736423786e-07,8.363252845811076e-08,4.002322935292568e-07,-0.0011708556201028841,-733.3334503342996,-1666.6653788100803,0,0,0.00474916270468384,-600,161,3.3333329493122257,0.00474916270468384,0.0,0.0,7.906808457613934e-05,3.333412356622709,-600,3.3333329493122257,-266.66654966570036,-333.33462118991974,0,0,349.7583390022154,0.0002789497375488281,1526297672.6129487
0,-2.843769220106651e-07,8.746883395360783e-08,3.3922590736423786e-07,-0.001224563300183945,-733.3334502720277,-1666.6653251646721,0,0,0.003981276906415587,-600,162,3.3333326649353037,0.003981276906415587,0.0,0.0,7.923769752982146e-05,3.3334121870097553,-600,3.3333326649353037,-266.6665497279723,-333.33467483532786,0,0,349.7583390896842,0.0002808570861816406,1526297672.6320305
0,-2.3525109238420328e-07,8.993015399028081e-08,2.843769220106651e-07,-0.001259021780697367,-733.3334491578967,-1666.6652918203226,0,0,0.003293515292170923,-600,163,3.3333324296842113,0.003293515292170923,0.0,0.0,7.937988599082679e-05,3.3334120448212943,-600,3.3333324296842113,-266.66655084210333,-333.33470817967736,0,0,349.7583391796144,0.00024175643920898438,1526297672.6459508
0,-1.9142793838966554e-07,9.120236654780456e-08,2.3525109238420328e-07,-0.0012768333533585974,-733.3334471608168,-1666.6652760058298,0,0,0.00267999113566475,-600,164,3.333332238256273,0.00267999113566475,0.0,0.0,7.94975115370189e-05,3.333411927195748,-600,3.333332238256273,-266.66655283918317,-333.3347239941702,0,0,349.75833927081675,0.000274658203125,1526297672.6600997
0,-1.5250225082752422e-07,9.145406920652022e-08,1.9142793838966554e-07,-0.0012803571905806166,-733.3334444325885,-1666.665275210221,0,0,0.002135031514626462,-600,165,3.333332085754022,0.002135031514626462,0.0,0.0,7.959322550621373e-05,3.333411831481779,-600,3.333332085754022,-266.6665555674115,-333.3347247897791,0,0,349.7583393622708,0.00028634071350097656,1526297672.6714025
0,-1.1808583577632703e-07,9.083743179871817e-08,1.5250225082752422e-07,-0.00127172367001549,-733.3334411090959,-1666.665287167234,0,0,0.0016532017034478486,-600,166,3.3333319676681863,0.0016532017034478486,0.0,0.0,7.966947663162749e-05,3.3334117552306535,-600,3.3333319676681863,-266.66655889090407,-333.33471283276594,0,0,349.75833945310825,0.007004499435424805,1526297672.689809
0,-8.780857996271152e-08,8.948944696385297e-08,1.1808583577632703e-07,-0.0012528524791832751,-733.3334373103071,-1666.6653098372137,0,0,0.0012293201180000324,-600,167,3.3333318798596063,0.0012293201180000324,0.0,0.0,7.972851954951565e-05,3.333411696187736,-600,3.3333318798596063,-266.6665626896929,-333.3346901627863,0,0,349.7583395425977,0.0026273727416992188,1526297672.705939
0,-6.131839569434305e-08,8.753323754717712e-08,8.780857996271152e-08,-0.0012254651494458813,-733.3334331426613,-1666.6653413921892,0,0,0.0008584575371060055,-600,168,3.3333318185412106,0.0008584575371060055,0.0,0.0,7.977242383949701e-05,3.333411652283446,-600,3.3333318185412106,-266.6665668573387,-333.33465860781075,0,0,349.75833963013093,0.0003974437713623047,1526297672.7193844
0,-3.8282455872007404e-08,8.507851134709199e-08,6.131839569434305e-08,-0.0011910989826446894,-733.3334287002629,-1666.6653802007545,0,0,0.0005359543793019839,-600,169,3.3333317802587548,0.0005359543793019839,0.0,0.0,7.980308303734418e-05,3.333411621624248,-600,3.3333317802587548,-266.66657129973714,-333.3346197992455,0,0,349.75833971520944,0.005105257034301758,1526297672.7360742
0,-1.8386996814001577e-08,8.222309588745702e-08,3.8282455872007404e-08,-0.0011511235641137318,-733.3334240644831,-1666.6654248119528,0,0,0.00025741795616340823,-600,170,3.333331761871758,0.00025741795616340823,0.0,0.0,7.982222426528018e-05,3.33341160248302,-600,3.333331761871758,-266.6665759355169,-333.3345751880472,0,0,349.75833979743254,0.005171298980712891,1526297672.755834
0,-1.336890598224727e-09,7.905362053861609e-08,1.8386996814001577e-08,-0.0011067509092299588,-733.3334193069447,-1666.665473942146,0,0,1.871646600193344e-05,-600,171,3.3333317605348673,1.871646600193344e-05,0.0,0.0,7.983141776368718e-05,3.3334115932895214,-600,3.3333317605348673,-266.66658069305527,-333.33452605785396,0,0,349.75833987648616,0.0002703666687011719,1526297672.7678816
0,1.3143751420585659e-08,7.56463691686804e-08,1.336890598224727e-09,-0.001059049191098893,-733.3334144893229,-1666.665526461486,0,0,-0.00018401252236799337,-600,172,3.3333317736786188,-0.00018401252236799337,0.0,0.0,7.98320862089863e-05,3.333411592621076,-600,3.3333317736786188,-266.6665855106771,-333.334473538514,0,0,349.75833995213253,0.0002262592315673828,1526297672.7846668
0,2.531248721737711e-08,7.206830332506797e-08,-1.3143751420585659e-08,-0.0010089558713843871,-733.3334096643398,-1666.6655813797888,0,0,-0.0003543748207448516,-600,173,3.333331798991106,-0.0003543748207448516,0.0,0.0,7.9825514333276e-05,3.333411599192952,-600,3.333331798991106,-266.6665903356602,-333.3344186202112,0,0,349.75834002420083,0.0004353523254394531,1526297672.801202
0,3.540901527543383e-08,6.837768751211115e-08,-2.531248721737711e-08,-0.0009572874489549577,-733.3334048771576,-1666.6656378353935,0,0,-0.0004957262135576457,-600,174,3.3333318344001213,-0.0004957262135576457,0.0,0.0,7.981285808966732e-05,3.3334116118491957,-600,3.3333318344001213,-266.6665951228424,-333.33436216460655,0,0,349.7583400925785,0.00023746490478515625,1526297672.8161063
0,4.365528294414389e-08,6.462516921601491e-08,-3.540901527543383e-08,-0.0009047519938576443,-733.3334001651792,-1666.665695082827,0,0,-0.0006111739603511523,-600,175,3.333331878055404,-0.0006111739603511523,0.0,0.0,7.97951535820296e-05,3.3334116295537033,-600,3.333331878055404,-266.6665998348208,-333.3343049171731,0,0,349.7583401572037,0.0002193450927734375,1526297672.8290052
